MOVID,plot
6811.0,"A high school senior visits college for the weekend, and stays at the wildest house on campus."
6812.0,A veteran detective is assigned a rookie partner after his previous partner is killed by a car theft gang. He is determined to apprehend those responsible for his friend's death but his new partner isn't really up to the task.
6814.0,"Slick Private Investigator Mike Murphy (Burt Reynolds) and tough Police Lieutenant Speer (Clint Eastwood), once partners, now bitter enemies, reluctantly team up to investigate a murder."
6816.0,"A nerd gets himself in hot water with the new bully, a quiet bad boy who challenges him to fight on the grounds of their high school after the day's end."
6817.0,"A thinly fictionalized account of a legendary movie director, whose desire to hunt down an animal turns into a grim situation with his movie crew in Africa."
6818.0,"After finding an old rifle, a young boy joins the Soviet resistance movement against ruthless German forces and experiences the horrors of World War II."
6820.0,"Two death-obsessed sisters, outcasts in their suburban neighborhood, must deal with the tragic consequences when one of them is bitten by a deadly werewolf."
6821.0,College graduates deal with Vietnam and other issues of the late 1960s.
6827.0,The comedic misadventures of a person of indeterminate gender.
6832.0,"After being shot, a lawyer loses his memory and must relearn speech and mobility, but he has a loving family to support him."
6835.0,"A former astronaut helps a government agent and a police detective track the source of mysterious alien pod spores, filled with lethal flesh-dissolving acid, to a South American coffee plantation controlled by alien pod clones."
6836.0,A crazed scientist invents an invisibility formula. He plans to use the formula to create an army of invisible zombies.
6837.0,A French playboy and an American former nightclub singer fall in love aboard a ship.
6849.0,"A musical retelling of Charles Dickens' classic novel about an old bitter miser taken on a journey of self-redemption, courtesy of several mysterious Christmas apparitions."
6850.0,Fake faith healer Jonas Nightingale is stranded in a small town where he finds he can't fool all of the people all of the time.
6851.0,A waitress lives with her two teen daughters in a trailer park in New Mexico. They all want a boyfriend.
6852.0,"Two ex-cons murder a family in a robbery attempt, before going on the run from the authorities. The police try to piece together the details of the murder in an attempt to track down the killers."
6853.0,"Todd Barret is an aspiring businessman. He's got what it takes, but what he doesn't have is enough money to stay in college. So he cooks up a plan to make the first ever all male sports calendar. He eventually convinces Cactus Jack, a very shadowy and tough loan shark, to give him enough money to make the deal. Todd makes enough to pay for his education, but what about the money he owes Cactus Jack?::Sean Kilby and Jason Parker <gestalt@ix.netcom.com>"
6856.0,"The life of the renowned musical composer, playwright, actor, dancer, and singer George M. Cohan."
6857.0,A vagabond swordsman is aided by a beautiful ninja girl and a crafty spy in confronting a demonic clan of killers - with a ghost from his past as their leader - who are bent on overthrowing the Tokugawa Shogunate.
6858.0,"A couple pick up a hitchhiker on the way to their yacht. The husband invites the young man to come along for their day's sailing. As the voyage progresses, the antagonism between the two men grows. A violent confrontation is inevitable."
6860.0,"From start to finish, it's a story of friendship between four street-wise males who don't mind using violence to achieve the lives that they want. They trust no one but each other, which is vital to their success as mobsters."
6862.0,A Florida police chief must solve a vicious double homicide before he himself falls under suspicion.
6863.0,"After being kicked out of his rock band, Dewey Finn becomes a substitute teacher of an uptight elementary private school, only to try and turn his class into a rock band."
6867.0,"When his only friend dies, a man born with dwarfism moves to rural New Jersey to live a life of solitude, only to meet a chatty hot dog vendor and a woman dealing with her own personal loss."
6868.0,"In the police investigation of a brutal crime scene, one man was at the center of it all: legendary porn star John Holmes."
6869.0,"On June 12, 2000, a young man with a gun took the passengers aboard Bus 174 in Rio de Janeiro, Brazil hostage. This documentary examines the event itself, the resulting media frenzy, the police response, and the perpetrator's background."
6870.0,The lives of three men who were childhood friends are shattered when one of them has a family tragedy.
6872.0,"A group of college students travels to a mysterious island to attend a rave, which is soon taken over by bloodthirsty zombies."
6873.0,A beautiful gold digger matches wits with a shrewd Beverly Hills divorce lawyer who is increasingly attracted to her.
6874.0,"After awakening from a four-year coma, a former assassin wreaks vengeance on the team of assassins who betrayed her."
6879.0,A juror on the inside and a woman on the outside manipulate a court trial involving a major gun manufacturer.
6880.0,"After picking up a traumatized young hitchhiker, five friends find themselves stalked and hunted by a deformed chainsaw-wielding loon and his family of equally psychopathic killers."
6881.0,A wayward daughter invites her dying mother and the rest of her estranged family to her apartment for Thanksgiving dinner.
6882.0,A young woman from the future forces a local gunman to help her stop an impending alien invasion which will wipe out the human race.
6883.0,"Story of the relationship between poets Edward James ""Ted"" Hughes (Daniel Craig) and Sylvia Plath (Gwyneth Paltrow)."
6884.0,An Irish journalist writes a series of stories about drug dealers.
6885.0,"New York City writing professor, Frannie Avery, has an affair with a police detective who is investigating the murder of a beautiful young woman in her neighborhood."
6886.0,The world's cruelty is confronted with the love of two different people who try to save mankind from poverty and war.
6887.0,The story of a high school coach and the developmentally challenged man who he took under his wing.
6888.0,"Cindy must investigate mysterious crop circles and video tapes, and help the President in preventing an alien invasion."
6889.0,"When a young Inuit hunter needlessly kills a bear, he is magically changed into a bear himself as punishment with a talkative cub being his only guide to changing back."
6890.0,Several ordinary high school students go through their daily routine as two others prepare for something more malevolent.
6893.0,Comic caper movie about a plan to steal a gold shipment from the streets of Turin by creating a traffic jam.
6898.0,"Determined to have a normal family life once his mother gets out of prison, a Scottish teenager from a tough background sets out to raise the money for a home."
6899.0,"A young woman with a childish voice travels to Africa looking for her missing archaeologist father, and stumbles into a strange subterranean civilization."
6902.0,"Neal Oliver, a very confused young man and an artist, takes a journey of a lifetime on a highway I60 that doesn't exist on any of the maps, going to the places he never even heard of, searching for an answer and his dreamgirl."
6909.0,A blind girl gets a cornea transplant so that she will be able to see again. She gets more than she bargained for upon realizing she can also see ghosts.
6911.0,"This movie shows the idealized career of the singer Al Jolson, a little Jewish boy who goes against the will of his father in order to be in showbiz. He becomes a star, falls in love with a non-Jewish dancer, and marries her. In the end he chooses success on the stage.::Stephan Eichenberg <eichenbe@fak-cbg.tu-muenchen.de>"
6912.0,"In order to cover up his philandering ways, a married Broadway producer sets one of his dancers up on a date with a chorus girl for whom he had bought a gift, but the two dancers fall in love for real."
6918.0,"Following his father's death, a boy leaves home to study in Calcutta, while his mother must face a life alone."
6920.0,"After leaving prison, master thief Corey crosses paths with a notorious escapee and an alcoholic former policeman. The trio proceed to plot an elaborate heist."
6927.0,"When a disgraced former college dean has a romance with a mysterious younger woman haunted by her dark, twisted past, he is forced to confront a shocking fact about his own life that he has kept secret for fifty years."
6932.0,The story of a young journalist who fell from grace when it was discovered he fabricated over half of his articles from the publication The New Republic magazine.
6934.0,The human city of Zion defends itself against the massive invasion of the machines as Neo fights to end the war at another front while also opposing the rogue Agent Smith.
6935.0,"In April 2002, an Irish film crew is making a documentary about Venezuelan President Hugo Chavez, when a coup from the opposition is made."
6936.0,"Raised as an over-sized elf, a human travels from the North Pole to NYC to meet his biological father who doesn't know he exists and is in desperate need of some Christmas spirit."
6938.0,"Action sports documentary that follows the industry's best big wave surfers as they travel the world searching for the largest waves that nature has to offer. The journey spanned 18 months, 6 continents and produced up to 70 foot waves."
6939.0,"Follows three men who are in love with a most beautiful waitress: An intellectual restaurant owner, a mysterious musician and an erratic businessman; taking place during the WWII."
6942.0,"Follows the lives of eight very different couples in dealing with their love lives in various loosely interrelated tales all set during a frantic month before Christmas in London, England."
6944.0,"With his oldest daughter's wedding approaching, a father finds himself reluctant to let go."
6945.0,"Director Nathaniel Kahn searches to understand his father, noted architect Louis Kahn, who died bankrupt and alone in 1974."
6946.0,The Looney Tunes search for a man's missing father and the mythical Blue Monkey diamond.
6947.0,"During the Napoleonic Wars, a brash British captain pushes his ship and crew to their limits in pursuit of a formidable French war vessel around South America."
6948.0,"Home movies, photographs, and recited poetry illustrate the life of Tupac Shakur, one of the most beloved, revolutionary, and volatile hip-hop M.Cs. of all time."
6949.0,"John Person is an actor with little work, and no money, who suddenly finds himself with an opportunity to make some quick cash by delivering a suitcase to the middle of nowhere."
6950.0,"In 1885 New Mexico, a frontier medicine woman forms an uneasy alliance with her estranged father when her daughter is kidnapped by an Apache brujo."
6951.0,Two bored children have their lives turned upside down when a talking cat comes to visit them.
6952.0,"A depressed psychiatrist wakes up as a patient in the asylum where she worked, with no memory of why she is there or what she has done."
6953.0,"A freak accident brings together a critically ill mathematician, a grieving mother, and a born-again ex-con."
6954.0,"During his final days, a dying man is reunited with old friends, former lovers, his ex-wife, and his estranged son."
6957.0,A miserable conman and his partner pose as Santa and his Little Helper to rob department stores on Christmas Eve. But they run into problems when the conman befriends a troubled kid.
6958.0,"A realtor and his wife and children are summoned to a mansion, which they soon discover is haunted, and while they attempt to escape, he learns an important lesson about the family he has neglected."
6959.0,A group of archaeologists become trapped in the past when they go there to retrieve a friend. The group must survive in 14th-century France before they can escape back to the twenty-first century.
6961.0,A member of Parliament falls passionately in love with his son's fiancée despite the dangers of discovery.
6962.0,"Dominguez High, in the infamous Compton, CA, has not produced a play in over twenty years. With no money and no stage, two teachers and twenty-four students attempt to produce Thornton Wilder's American Classic OUR TOWN."
6963.0,Amish teenagers experience and embrace the modern world as a rite-of-passage before deciding which life they will choose.
6965.0,A documentary about George W. Bush's 2000 campaign for the White House.
6966.0,A brilliant scientist left for dead returns to exact revenge on the people who burned him alive.
6967.0,"The guests invited to weekend in the country share their supernatural stories, beginning with Walter Craig , who senses impending doom as his half-remembered recurring dream turns into reality."
6969.0,"In a post-apocalyptic future where no one is able to speak, the few remaining humans fight over resources in order to survive."
6970.0,Two extremely strong personalities clash over the computerization of a television network's research department.
6971.0,"Just after W.W.II, an American takes a railway job in Germany, but finds his position politically sensitive with various people trying to use him."
6973.0,"A psychiatrist becomes romantically involved with the sister of one of his patients, but the influence of her controlling gangster husband threatens to destroy them both."
6974.0,"An N.Y.C. film school student accepts a job with a local mobster who resembles a famous cinema godfather and who takes the young man under his wing, after demanding total loyalty."
6975.0,"Two violent young men take a mother, father, and son hostage in their vacation cabin and force them to play sadistic ""games"" with one another for their own amusement."
6978.0,"A day in the life of Austin, Texas as the camera roams from place to place and provides a brief look at the overeducated, the social misfits, the outcasts and the oddballs."
6979.0,"A young man finds a back door into a military central computer in which reality is confused with game-playing, possibly starting World War III."
6981.0,"Follows the lives of the Borgen family, as they deal with inner conflict, as well as religious conflict with each other, and the rest of the town."
6982.0,"A young French girl orphaned in a Nazi air attack is befriended by the son of a poor farmer, and together they try to come to terms with the realities of death."
6983.0,"After a harsh childhood, orphan Jane Eyre is hired by Edward Rochester, the brooding lord of a mysterious manor house, to care for his young daughter."
6984.0,"A pair of lookalikes, one a former French aristocrat and the other an alcoholic English lawyer, fall in love with the same woman amongst the turmoil of the French Revolution."
6985.0,"In 1431, Jeanne d'Arc is placed on trial on charges of heresy. The ecclesiastical jurists attempt to force Jeanne to recant her claims of holy visions."
6986.0,A Jewish prince seeks to find his family and revenge himself upon his childhood friend who had him wrongly imprisoned.
6987.0,"Hypnotist Dr. Caligari uses a somnambulist, Cesare, to commit murders."
6989.0,A Moscow police officer investigates a vicious triple homicide and stumbles upon a high-level international political conspiracy.
6990.0,"England, 1850s. A master criminal aims to rob a train of a large sum of gold. Security is incredibly tight and the task seems an impossible one. However, he has a plan and just the right people to carry it out."
6992.0,"A former U.S. First Lady wants a particular Secret Service agent to head her bodyguard detail, even though he can't stand her."
6993.0,"Between two Thanksgivings two years apart, Hannah's husband falls in love with her sister Lee, while her hypochondriac ex-husband rekindles his relationship with her sister Holly."
6994.0,"An action movie star researching a role is allowed to tag along with a hardboiled New York City policeman, who finds him superficial and irritating."
6996.0,"In the future, Highlander Connor MacLeod must prevent the destruction of Earth under an anti-ozone shield."
6997.0,"The story of the notorious American labor union figure Jimmy Hoffa, who organizes a bitter strike, makes deals with members of the organized crime syndicate and mysteriously disappears in 1975."
6998.0,"A widow tries to find out why her daughter's strange behavior, a reaction to her father's death, is progressively worsening."
6999.0,"Con artist Gwen moves into Newton's empty home without his knowledge and begins setting up house, posing as his new wife."
7000.0,A cat burglar is forced to steal Da Vinci works of art for a world domination plot.
7001.0,"When strange seeds drift to earth from space, mysterious pods begin to grow and invade San Francisco, California, where they replicate the residents into emotionless automatons one body at a time."
7004.0,"A tough cop must pose as a kindergarten teacher in order to locate a dangerous criminal's ex-wife, who may hold the key to putting him behind bars."
7005.0,A regular guy from America becomes king of England after a royal wipe-out puts him next in line.
7007.0,"A private detective's protected female witness is murdered, prompting him and the victim's boyfriend to investigate the crime that leads to a corrupt politician and a crooked football team owner."
7008.0,A young Parisian woman meets a middle-aged American businessman who demands their clandestine relationship be based only on sex.
7009.0,"Lorenzo Odone, a Virginia 5-year-old, develops a degenerative nerve disease so rare that nobody is working on a cure, so his parents decide to immerse themselves in research and tackle the problem themselves."
7010.0,"In 1929 French Indochina, a French teenage girl embarks on a reckless and forbidden romance with a wealthy, older Chinese man, each knowing that knowledge of their affair will bring drastic consequences to each other."
7012.0,"Unhappy Larry Burrows sees what his life could've been like, had he made that winning home run as a teenager."
7013.0,"A religious fanatic marries a gullible widow whose young children are reluctant to tell him where their real daddy hid the $10,000 he'd stolen in a robbery."
7015.0,A Chicago cop must balance loyalty to his overbearing mother and a relationship with a shy funeral home worker.
7016.0,Tough trucker Lincoln Hawk is determined to win back his son and triumph at the world arm wrestling championships.
7017.0,An airline security expert must take action when he finds himself trapped on a passenger jet when terrorists seize control of it.
7018.0,"As a lawyer investigates the murder of a colleague, he finds himself more connected to the crime than anyone else."
7019.0,"An Air Force pilot joins a top secret military experiment involving chimps, but begins to suspect there might be something more to the mysterious ""Project X""."
7020.0,The life of a blind photographer who is looked after by a housekeeper is disrupted by the arrival of an agreeable restaurant worker.
7022.0,"In the future, the Japanese government captures a class of ninth-grade students and forces them to kill each other under the revolutionary ""Battle Royale"" act."
7023.0,"To satisfy his nagging parents, a gay landlord and a female tenant agree to a marriage of convenience, but his parents arrive to visit and things get out of hand."
7024.0,"In World War II Italy, four fascist libertines round up nine adolescent boys and girls and subject them to 120 days of physical, mental, and sexual torture."
7025.0,"This WW2 psychological drama plays out at Christmas. US GIs hold an isolated cabin in the Ardennes against a handful of Germans cut off from their main force. Combat-weary and short of rations, both sides are determined to survive."
7026.0,"Freddy the gym teacher has to teach remedial English in summer (high) school, if he wants tenure. As he can only teach gym and his students want fun, emphasis is on ""field trips"" - until he's fired unless all his students pass the test."
7027.0,A misfit bunch of friends comes together to right the injustices which exist in a small town.
7028.0,"Three thieves successfully rob a New York City bank, but making the escape from the city proves to be almost impossible."
7030.0,A father recounts a dark period of his childhood when he and his little brother lived in the suburbs.
7031.0,"A woman is released from prison, an expert bank robber who wants to settle down and go straight, but her parole officer and her former employer try to get her to pull one more heist."
7032.0,"A retired US Navy pilot comes to Mexico, where he falls in love with the wife of a powerful businessman. The consequences will be cruel and unforeseen."
7033.0,"A talented young man can't get an executive position without rising through the ranks, so he comes up with a shortcut, which also benefits his love life."
7034.0,"Two teenage girls in small-town Sweden. Elin is beautiful, popular, and bored with life. Agnes is friendless, sad, and secretly in love with Elin."
7036.0,An ordinary high school student discovers that his family has an unusual pedigree when he finds himself turning into a werewolf.
7037.0,A singer returns after 15 years abroad to perform in Madrid and finds her 27 y.o. daughter married to one of her mom's ex-lovers.
7038.0,Five California women struggle with personal problems as their own paths unwind in unexpected ways.
7040.0,A fearless Secret Service agent will stop at nothing to bring down the counterfeiter who killed his partner.
7041.0,Residents of a friendly Pennsylvania town foil three brothers' plan to rob a bank on Christmas Eve.
7044.0,Young lovers Sailor and Lula run from the variety of weirdos that Lula's mom has hired to kill Sailor.
7045.0,"A young boy stumbles onto a witch convention and must stop them, even after he has been turned into a mouse."
7046.0,"Three single women in a picturesque village have their wishes granted, at a cost, when a mysterious and flamboyant man arrives in their lives."
7047.0,A police detective cracks down on organized crime in Chinatown after the murders of Triad and Mafia leaders.
7048.0,"Nick's wife's in bed with his boss. He later gets a gun to his head by a carjacker but steps on the gas pedal. They end up friends after adventures together - holdups, burglary, reckless driving, revenge etc. Twists follow."
7049.0,A bandleader woos a Latin flame who is already engaged to his employer.
7050.0,A Navy sailor tries to rekindle a romance with the woman he loves while on liberty in San Francisco.
7051.0,A playboy who refuses to give up his hedonistic lifestyle to settle down and marry his true love seeks help from a demented psychoanalyst who is having romantic problems of his own.
7052.0,The recently widowed Mary Stuart returns to Scotland to reclaim her throne but is opposed by her half-brother and her own Scottish lords.
7053.0,An American jazzman and his buddy woo a Russian princess and a fake countess in Paris.
7054.0,The four daughters of a New England family fight for happiness during and after the Civil War.
7055.0,"Roguish gambler/dancer ""Lucky"" Garnett is challenged by his fiance's father to come up with $25,000 to prove he's worthy of her hand. But after he falls in love with a dance instructor, Lucky'll do anything to keep from earning the bucks."
7056.0,An Irish-American street punk tries to make it big in the world of organized crime.
7057.0,Two couples and a troupe of actors have an encounter with some mischievous fairies in the forest.
7058.0,A straitlaced turn-of-the-century father presides over a family of boys and the mother who really rules the roost.
7059.0,A jaded former jockey helps a young girl prepare a wild but gifted horse for England's Grand National Sweepstakes.
7060.0,"Film version of the musical stage play, presenting the last few weeks of Christ's life told in an anachronistic manner."
7061.0,"A young socialite is diagnosed with an inoperable brain tumor, and must decide whether or not she'll meet her final days with dignity."
7062.0,A surly convicted murderer held in permanent isolation redeems himself when he becomes a renowned bird expert.
7063.0,"In the 16th century, the ruthless and insane Don Lope de Aguirre leads a Spanish expedition in search of El Dorado."
7064.0,"A beautiful young woman takes her father's place as the prisoner of a mysterious beast, who wishes to marry her."
7065.0,"The Stoneman family finds its friendship with the Camerons affected by the Civil War, both fighting in opposite armies. The development of the war in their lives plays through to Lincoln's assassination and the birth of the Ku Klux Klan."
7067.0,"Visions, memories, and mysticism all help a 40-something woman to find the strength to leave her cheating husband."
7069.0,A ruthlessly ambitious Scottish lord seizes the throne with the help of his scheming wife and a trio of witches.
7070.0,"Dunson leads a cattle drive, the culmination of over 14 years of work, to its destination in Missouri. But his tyrannical behavior along the way causes a mutiny, led by his adopted son."
7071.0,"Although wife and mother Mabel is loved by her husband Nick, her mental illness places a strain on the marriage."
7072.0,A group of people traveling on a stagecoach find their journey complicated by the threat of Geronimo and learn something about each other in the process.
7073.0,Inspector Jacques Clouseau investigates the murder of Mr. Benjamin Ballon's driver at a country estate.
7074.0,Two spoiled rich people find themselves trapped on an empty passenger ship.
7075.0,A hapless carnival performer masquerades as the court jester as part of a plot against an evil ruler who has overthrown the rightful King.
7076.0,"An all-guts, no-glory San Francisco cop becomes determined to find the underworld kingpin that killed the witness in his protection."
7078.0,"In 1850s Louisiana, a free-spirited Southern belle loses her fiancé due to her stubborn vanity and pride, and vows to win him back."
7079.0,"In 15th-century France, a gypsy girl is framed for murder by the infatuated Chief Justice, and only the deformed bellringer of Notre Dame Cathedral can save her."
7080.0,"When the leading lady of a Broadway musical breaks her ankle, she is replaced by a young unknown actress, who becomes the star of the show."
7082.0,"A rich businessman and a young woman are attracted to each other, but he only wants an affair while she wants to save herself for marriage."
7083.0,"The story of Patsy Cline, the velvet-voiced country music singer who died in a tragic plane crash at the height of her fame."
7084.0,"A neurotic film critic obsessed with the movie Casablanca (1942) attempts to get over his wife leaving him by dating again with the help of a married couple and his illusory idol, Humphrey Bogart."
7085.0,A hypochondriac believes he is dying and makes plans for his wife which she discovers and misunderstands.
7086.0,A phonetics and diction expert makes a bet that he can teach a cockney flower girl to speak proper English and pass as a lady in high society.
7087.0,"Cultural mistrust and false accusations doom a friendship in British colonial India between an Indian doctor, an Englishwoman engaged to marry a city magistrate, and an English educator."
7088.0,"A retelling of the Orpheus and Eurydice myth, set during the time of the Carnaval in Rio de Janeiro."
7089.0,A series of comedic and nostalgic vignettes set in a 1930s Italian coastal town.
7090.0,"A defense officer, Nameless, was summoned by the King of Qin regarding his success of terminating three warriors."
7091.0,"Quincy Adams Wagstaff, the new president of Huxley University, accidentally hires bumblers Baravelli and Pinky to help his school win the big football game against the rival Darwin University."
7092.0,"The married Anna Karenina falls in love with Count Vronsky despite her husband's refusal to grant a divorce, and both must contend with the social repercussions."
7093.0,A ruthless editor tries to get his top reporter to cover one more crime story before retirement.
7096.0,"Portrait of Andy Goldsworthy, an artist whose specialty is ephemeral sculptures made from elements of nature."
7099.0,Warrior and pacifist Princess Nausicaä desperately struggles to prevent two warring nations from destroying themselves and their dying planet.
7101.0,A young doctor on his way across the country to a job interview crashes his car in a small town and is sentenced to work for several days at the town hospital.
7102.0,"The equally-straight-laced and ""by the book"" nephew of Joe Friday must work with his more laid-back partner to solve a mystery."
7103.0,The luxurious villa of yuppie couple Mark and Jessie Bannister is overrun by loads of uninvited guests who turn the house upside-down and nearly destroy it.
7104.0,Hysterical Californians prepare for a Japanese invasion in the days after Pearl Harbor.
7107.0,"A shy San Francisco librarian and a bumbling cop fall in love as they solve a crime involving albinos, dwarves, and the Catholic Church."
7108.0,"A Special Agent is assigned to protect a wealthy business magnate. However, when the businessman is kidnapped in a daring ambush, he teams up with a seasoned detective to crack the case. But soon he discovers the case isn't that simple."
7109.0,Four stories about short or long relationships between men and women in Italy and France.
7114.0,A man kidnaps a woman and holds her hostage just for the pleasure of having her there.
7115.0,A jazz pianist and a wisecracking journalist are pulled into a complex web of mystery after the former witnesses the brutal murder of a psychic.
7116.0,The wife and mistress of a loathed school principal plan to murder him with what they believe is the perfect alibi.
7117.0,"An evil, sadistic Leprechaun goes on a killing rampage in search of his beloved pot of gold."
7118.0,"In an alternative Earth, a young astronaut participates in a controversial fledgling space program."
7121.0,Domestic and professional tensions mount when a husband and wife work as opposing lawyers in a case involving a woman who shot her husband.
7122.0,"During World War I, a British private, sent ahead to a French town to scout for enemy presence, is mistaken for a King by the colorful patients of an insane asylum."
7123.0,"After developing an addiction to the substance he uses to kill bugs, an exterminator accidentally kills his wife, and becomes involved in a secret government plot being orchestrated by giant bugs in a port town in North Africa."
7124.0,The history of the American government's war on marijuana in the 20th century.
7125.0,An ex convict befriends an elderly coworker as they both try to find meaning in life and forgiveness for their past.
7127.0,"When a law student accidentally kills the son of a mob boss in a fight, he finds himself relentlessly pursued by the mob and the police."
7131.0,A self-made businessman rekindles a romance with a former flame while their two teenage children begin a romance of their own with drastic consequences for both couples.
7132.0,A sly business manager and the wacky friends of two opera singers in Italy help them achieve success in America while humiliating their stuffy and snobbish enemies.
7134.0,A cop in a dystopian Europe investigates a serial killings suspect using controversial methods written by his now disgraced former mentor.
7137.0,"In an old school Las Vegas casino, its top gambling jinx breaks his curse when he falls in love, much to his boss' consternation."
7139.0,A family of Irish immigrants adjust to life on the mean streets of Hell's Kitchen while also grieving the death of a child.
7141.0,"Documentary following Susan Tom of Fairfield, California and her 11 adopted special needs children."
7142.0,"Honey is a sexy, tough music video choreographer who shakes up her life after her mentor gives her an ultimatum: sleep with him or be blacklisted within their industry."
7143.0,An American military advisor embraces the Samurai culture he was hired to destroy after he is captured in battle.
7147.0,A frustrated son tries to determine the fact from fiction in his dying father's life.
7149.0,A swinger on the cusp of being a senior citizen with a taste for young women falls in love with an accomplished woman closer to his age.
7150.0,Conjoined twins from Martha's Vineyard move to Los Angeles so that one of them can pursue an acting career.
7151.0,A young peasant maid working in the house of painter Johannes Vermeer becomes his talented assistant and the model for one of his most famous works.
7153.0,Gandalf and Aragorn lead the World of Men against Sauron's army to draw his gaze from Frodo and Sam as they approach Mount Doom with the One Ring.
7154.0,A free-thinking art professor teaches conservative 1950s Wellesley girls to question their traditional social roles.
7155.0,A Women's Institute chapter's fundraising effort for a local hospital by posing nude for a calendar becomes a media sensation.
7156.0,"The story of America as seen through the eyes of the former Secretary of Defense under President John F. Kennedy and President Lyndon B. Johnson, Robert McNamara."
7158.0,An abandoned wife is evicted from her house and starts a tragic conflict with her house's new owners.
7160.0,"Based on the life of Aileen Wuornos, a Daytona Beach prostitute who became a serial killer."
7161.0,"With his wife doing a book tour, a father of twelve must handle a new job and his unstable brood."
7162.0,"In the waning days of the American Civil War, a wounded soldier embarks on a perilous journey back home to Cold Mountain, North Carolina to reunite with his sweetheart."
7163.0,"What seemed like a breezy idea for an engineer to net him millions of dollars, leaves him on the run for his life and piecing together why he's being chased."
7164.0,"The Darling family children receive a visit from Peter Pan, who takes them to Never Never Land where an ongoing war with the evil Pirate Captain Hook is taking place."
7165.0,"Ensemble drama centered around a group of ballet dancers, with a focus on one young dancer who's poised to become a principal performer."
7167.0,"Against the background of an Australian desert, Sandy, a geologist, and Hiromitsu, a Japanese businessman, play out a story of human inconsequence in the face of the blistering universe. The end of the journey leaves no one capable of going back to where they started from.::Anonymous"
7169.0,Anna wants to be like other girls her age (18): date a guy etc. but she's the US president's daughter and always guarded. In Prague he breaks his promise of only 2 agents following her to a concert and she runs away with Ben to see Europe.
7171.0,"Nick Broomfield's second documentary about serial killer Aileen Wuornos, focusing on her mental state on death row."
7173.0,A buttoned-up newlywed finds his strictly organized life descend into chaos when he falls in love with an old classmate.
7175.0,A biker returns from Thailand to set things straight with his girlfriend. One gang leader wants him for delivery of 2 motorbikes filled with crystal meth and another gang leader wants him for murdering his brother.
7176.0,An Iranian pizza delivery man sees the worst of corruption and social unbalance in his city and is driven to crime.
7177.0,"After the rise of the Taliban in Afghanistan and the restriction of women in public life, a pre-teen girl is forced to masquerade as a boy in order to find work to support her mother and grandmother."
7178.0,"A Midwesterner becomes fascinated with his nouveau riche neighbor, who obsesses over his lost love."
7179.0,A man becomes obsessed with vengeance when his soul mate marries another man.
7181.0,A varied group of passengers boarding a ship bound for pre-WWII Germany represents a microcosm of early 1930s society.
7184.0,"The dramatic love story of small-town Mississippi girl Alva Starr and railroad official Owen Legate, set during the Great Depression."
7190.0,"Jane Eyre is an orphan, sent to Lowood school, and eventually becomes a governess at Thornfield hall to a girl named Adele. While she is there, many strange things happen and eventually she and Edward Rochester, owner of Thornfield and Adele's guardian, fall in love. Suddenly, when Jane is about to win the happiness she deserves, a dark secret comes to light, and it will take all of her courage, love and understanding to triumph.::Julianna Peterson"
7191.0,"Several strangers converge on a hotel in Venice, Italy, where a bellboy's bad English sets them up to clash against each other in a hilarious case of mistaken identity."
7192.0,"Ex-Special Forces soldier Louis Stevens returns to Miami to find his former high school overrun by drugs and violence. A master of the Brazilian martial art, capoeira, Stevens pledges to straighten out a dozen of the school's worst students by teaching them this demanding and highly-disciplined fighting style. Slowly, his program begins to work, giving the students new hope and purpose. But the local drug lord, himself a martial arts expert, vows to stop Stevens' positive influence. Now Stevens must fight to save his own life, as well as the lives of his rebellious young students.::Anthony Pereyra {hypersonic91@yahoo.com}"
7193.0,A vulgar private detective is hired to find a missing groupie and is drawn into a mystery involving a series of murders tied to the music industry.
7202.0,"After 13 years in prison, the mad scientist from Re-Animator (1985) gets a new chance to experiment with the arrival of a young prison doctor, who secretly hopes to learn to reanimate dead people. Good intentions turn to horror."
7205.0,"A Berber chieftain triggers an international incident, drawing the involvement of Theodore Roosevelt, when he kidnaps an American widow and her children in 1900s Morocco."
7206.0,"Monsieur Hulot visits the technology-driven world of his sister, brother-in-law, and nephew, but he can't quite fit into the surroundings."
7208.0,Dr. Jekyll allows his dark side to run wild when he drinks a potion that turns him into the evil Mr. Hyde.
7209.0,"Monsieur Hulot comes to a beachside hotel for a vacation and accidentally, but good-naturedly, causes havoc."
7211.0,"Dr. Noah Praetorius falls in love with Debra, a student who finds out that she is pregnant by her old boyfriend."
7212.0,"After marrying an American lieutenant with whom he was assigned to work in post-war Germany, a French captain attempts to find a way to accompany her back to the States under the terms of the War Bride Act."
7215.0,"During World War II, American expatriate Harry Morgan helps transport a French Resistance leader and his beautiful wife to Martinique while romancing a sensuous lounge singer."
7216.0,"After being released from prison, notorious thief Roy Earle is hired by his old boss to help a group of inexperienced criminals plan and carry out the robbery of a California resort."
7217.0,A man convicted of murdering his wife escapes from prison and works with a woman to try and prove his innocence.
7218.0,"When a posse captures three men suspected of killing a local farmer, they become strongly divided over whether or not to lynch the men."
7219.0,"When one of two truck-driving brothers loses an arm, they both join a transport company where the other is falsely charged as an accessory in the murder of the owner."
7222.0,"Cautionary tale features a fictionalized take on the use of marijuana. A trio of drug dealers lead innocent teenagers to become addicted to ""reefer"" cigarettes by holding wild parties with jazz music."
7223.0,"Frank Bigelow, told he's been poisoned and has only a few days to live, tries to find out who killed him and why."
7225.0,Arnold Schwarzenegger and Lou Ferrigno face off in a no-holds-barred competition for the title of Mr. Olympia in this critically-acclaimed film that made Schwarzenegger a household name.
7228.0,"When Jack Deebs was behind bars he found escape by creating Cool World, a cartoon series featuring a vixen named Holli Would. The flesh proves weaker than ink, however, as Holli takes human form in Las Vegas."
7234.0,"A care-free girl is sold to a traveling entertainer, consequently enduring physical and emotional pain along the way."
7235.0,"As sadomasochistic yakuza enforcer Kakihara searches for his missing boss he comes across Ichi, a repressed and psychotic killer who may be able to inflict levels of pain that Kakihara has only dreamed of achieving."
7236.0,A young man and his telepathic dog wander a post-apocalyptic wasteland.
7238.0,"As WWII and the German occupation ends, the Polish resistance and the Russian forces turn on each other in an attempt to take over leadership in Communist Poland."
7243.0,"The story of a poor young woman, separated by prejudice from her husband and baby, is interwoven with tales of intolerance from throughout history."
7245.0,"A man lets a former flame fall to her death rather than let her interfere with his new relationship, but her ghost returns to disrupt his impending nuptials."
7247.0,"A down-on-his-luck inventor turns a broken-down Grand Prix car into a fancy vehicle for his children, and then they go off on a magical fantasy adventure to save their grandfather in a far-off land."
7248.0,"During the 16th century, as Thailand contends with both a civil war and Burmese invasion, a beautiful princess rises up to help protect the glory of the Kingdom of Ayothaya. Based on the life of Queen Suriyothai."
7251.0,"King is a young man, but he's already a veteran of life on the streets of Los Angeles. The leader of a group of runaways, King acts as a mentor to troubled kids such as gay hustler Little J and junkie Greg."
7254.0,"Evan Treborn suffers blackouts during significant events of his life. As he grows up, he finds a way to remember these lost memories and a supernatural way to alter his life by reading his journal."
7255.0,"A small-town girl wins a date with a male celebrity through a contest. When the date goes better than expected, a love triangle forms between the girl, the male celebrity, and the girl's best friend."
7256.0,The true story of two climbers and their perilous journey up the west face of Siula Grande in the Peruvian Andes in 1985.
7257.0,"A small-time con artist and a Hawaiian real estate developer's mischevious, enterprising mistress team up for a potential $200,000 score."
7258.0,Six high school seniors decide to break into the Princeton Testing Center so they can steal the answers to their upcoming SAT tests and all get perfect scores.
7259.0,"In order to achieve their dream of opening a recording studio, two friends (Omarion, Houston) must first win their city's dance contest -- a fierce competition that pits them against a group of tough street dancers."
7260.0,"A promiscuous gay party animal falls for a young Mormon missionary, leading to crisis, cliché, and catastrophe."
7261.0,"The owner of an historic South Side Chicago barbershop is pressured to sell out to a land developer, but must face the impact this would have on his close-knit community."
7262.0,"A girl and her two friends raid a bank, looking for the money needed for financing the cure of her dying father."
7263.0,"The true story of Herb Brooks, the player-turned-coach who led the 1980 U.S. Olympic hockey team to victory over the seemingly invincible Soviet squad."
7264.0,"In the first installment in director Belvaux's trilogy, Alain's eccentric behavior causes his wife, Cecile, to hire a detective to follow his every move -- which yields unexpected results."
7265.0,A young American studying in Paris in 1968 strikes up a friendship with a French brother and sister. Set against the background of the '68 Paris student riots.
7266.0,"A bad scientist and wife, a mad scientist and skeleton, two aliens and their escaped pet are all searching for the elusive element ""atmospherium""."
7282.0,"5 white kids get lost in the hood looking for da hip hop witch, a year later their footage was found."
7285.0,"A thirteen-year-old girl's relationship with her mother is put to the test as she discovers drugs, sex, and petty crime in the company of her cool but troubled best friend."
7292.0,"A military weapons engineer struggles to do his job responsibly, while a hapless tank commander has to live with the consequences in combat years later."
7293.0,Henry Roth is a man afraid of commitment until he meets the beautiful Lucy. They hit it off and Henry think he's finally found the girl of his dreams until discovering she has short-term memory loss and forgets him the next day.
7294.0,"A US president who has retired after two terms in office returns to his hometown of Mooseport, Maine and decides to run for Mayor against another local candidate."
7297.0,A scientific observer's job of observing an old cantankerous single man's kitchen habits is complicated by his growing friendship with him.
7299.0,"In Paris, a Turkish shop owner befriends a Jewish boy in his mid-teens."
7301.0,A young priest taking over the parish at Ambricourt tries to fulfill his duties even as he fights a mysterious stomach ailment.
7302.0,A recalcitrant thief vies with a duplicitous Mongol ruler for the hand of a beautiful princess.
7303.0,"During World War II, a teenage Jewish girl named Anne Frank and her family are forced into hiding in the Nazi-occupied Netherlands."
7304.0,"An enthusiastic filmmaker thinks he's come up with a totally original idea: animation set to classical music! When he is informed that some American named ""Prisney"" (or something) has already done it, he decides to do his own version, using an orchestra comprising mostly old ladies and an animator he's kept locked in a dungeon. Several different classical pieces are animated, while the animator plots his escape.::Andy Bogursky <bogursky@erols.com>"
7305.0,A federal investigator tracks down a gold-digging woman who moves from husband to husband to kill them and collect the inheritance.
7306.0,"Mexico, 1949. The fable of a janitor turned Mayor on a little town lost in the Mexican desert, who gradually realizes how far his new acquainted power and corruption can get him."
7307.0,"In medieval Europe, a young girl from a noble family is obsessed with her captors - commoners."
7308.0,Fortune hunter Allan Quatermain teams up with a resourceful woman to help her find her missing father lost in the wilds of 1900s Africa while being pursued by hostile tribes and a rival German explorer.
7310.0,A former FBI agent turned small-town sheriff agrees to help the FBI chief infiltrate the Chicago mafia when the FBI chief's son is killed by them.
7311.0,An aged teacher and former headmaster of a boarding school recalls his career and his personal life over the decades.
7312.0,A man settles down in a small town and becomes the scoutmaster.
7315.0,"A fictional story inspired by North America's most famous female boxing promoter, Jackie Kallen. Her struggle to survive and succeed in a male dominated sport."
7316.0,"A teenage girl is convinced that her home city revolves around her until her family packs up and moves to the suburbs, where she finds herself competing for attention."
7317.0,"Dumped by his girlfriend, a high school grad decides to embark on an overseas adventure in Europe with his friends."
7318.0,"Depicts the final twelve hours in the life of Jesus of Nazareth, on the day of his crucifixion in Jerusalem."
7319.0,When a serial killer interrupts the fun at the swanky Coconut Pete's Coconut Beach Resort--a hedonistic island paradise for swingers--it's up to the club's staff to stop the violence...or at least hide it.
7320.0,"High school senior Katey moves to Havana in November 1958, when her dad gets a promotion at Ford. She meets a local waiter, who introduces her to sensual Cuban music/dance. They enter a big dance contest for the prize when he gets fired."
7321.0,"Jessica, whose father killed her mother and committed suicide, is a police officer. While investigating a murder, she finds herself in the center of her own investigation, when her former lovers start being murdered."
7323.0,"In 1990, to protect his fragile mother from a fatal shock after a long coma, a young man must keep her from learning that her beloved nation of East Germany as she knew it has disappeared."
7324.0,"In 1890, a down-and-out cowboy and his horse travel to Arabia to compete in a deadly cross desert horse race."
7325.0,"Two streetwise cops bust criminals in their red and white Ford Gran Torino, with the help of a police snitch called ""Huggy Bear""."
7326.0,"A priest on the lam takes up with a traveling band of actors, who then discover a murder has occurred and try to solve it by recreating the crime in a play."
7327.0,A nurse is put in charge of a mute actress and finds that their personae are melding together.
7328.0,A recently divorced man meets an emotionally devastated widow and they begin a love affair.
7333.0,"A French village doctor becomes the target of poison-pen letters sent to village leaders, accusing him of affairs and practicing abortion."
7335.0,A pickpocket unwittingly lifts a message destined for enemy agents and becomes a target for a Communist spy ring.
7336.0,"The dramatic collapse of a wealthy, industrialist/Junker family during the reign of the Third Reich."
7340.0,"Terry feels discriminated against when the summer jobs at Sun Tribune go to 2 guys. She decides to do something about it. She dresses like a guy and gets a haircut. Will students at the other high school notice? Girls notice ""him""."
7344.0,"In London, when Australian gangsters disguised as ""Bobbies"" rob British criminals, the panicked British mobsters seek an alliance with Scotland Yard in order to eliminate the foreign competition and return things to ""normal""."
7345.0,"With all-new gadgets, high-flying action, exciting chases and a wisecracking new handler, Derek (Anthony Anderson), Cody has to retrieve the device before the world's leaders fall under the evil control of a diabolical villain."
7346.0,A teenager's dreams come true when a former porn star moves in next door and they fall in love.
7347.0,A successful writer in the midst of a painful divorce is stalked at his remote lake house by a would-be scribe who accuses him of plagiarism.
7348.0,The investigation into a kidnapping of the daughter of a high-ranking US government official.
7349.0,"Daphne and her four children try to cope with the abrupt death of husband/father. As the family seems to fall apart, a sudden incident gives them a chance to heal their 'broken wings'."
7352.0,"The chronically suicidal Wilbur and his good-hearted big brother Harbour are in their thirties, when their father dies, leaving them with nothing but a worn down second-hand bookshop in Glasgow."
7354.0,"When shy, soft-spoken Chicago detective Wayne ""Mad Dog"" Dobie inadvertently saves the life of local gangster Frank Milo, he's the reluctant recipient of an unusual one week ""thank you"" gift - a beautiful bartender named Glory."
7357.0,A peaceful New England town hides secrets and scandals.
7360.0,"A nurse, a policeman, a young married couple, a salesman and other survivors of a worldwide plague that is producing aggressive, flesh-eating zombies, take refuge in a mega Midwestern shopping mall."
7361.0,"When their relationship turns sour, a couple undergoes a medical procedure to have each other erased from their memories."
7362.0,An FBI profiler is called in by French Canadian police to catch a serial killer who takes on the identity of each new victim.
7364.0,"A variety of losers in Dublin have harrowingly farcical intersecting stories of love, greed and violence."
7366.0,A widower must look after his precocious daughter and rebuild his life and career after he's sidelined by an unexpected tragedy and a personal blowup.
7367.0,"An eccentric, if not charming Southern professor and his crew pose as a classical ensemble in order to rob a casino, all under the nose of his unsuspecting but sharp old landlady."
7368.0,A drug kingpin's return home touches off a turf war.
7369.0,The Mystery Inc. gang must save Coolsville from an attack of their past monsters brought to life by an evil masked figure trying to take down the gang.
7371.0,"A woman on the run from the mob is reluctantly accepted in a small Colorado community in exchange for labor, but when a search visits the town she finds out that their support has a price."
7372.0,An innocent man becomes one of the most wanted criminals the world has ever known.
7373.0,"A demon, raised from infancy after being conjured by and rescued from the Nazis, grows up to become a defender against the forces of darkness."
7375.0,"At college Paige meets Eddie, a fellow student from Denmark, whom she first dislikes but later accepts, likes, and loves; he proves to be Crown Prince Edvard. Paige follows him to Copenhagen, and he follows her back to school with a plan."
7376.0,"A former U.S. soldier returns to his hometown to find it overrun by crime and corruption, which prompts him to clean house."
7377.0,A young man's experience in a juvenile detention center that touches on the tumultuous changes that befall his family and the community in which he lives.
7379.0,"Based on the 1836 standoff between a group of Texan and Tejano men, led by Davy Crockett and Jim Bowie, and Mexican dictator Santa Anna's forces at the Alamo in San Antonio Texas."
7380.0,"Ella is under a spell to be constantly obedient, a fact she must hide from her new stepfamily in order to protect the prince of the land, her friend for whom she's falling."
7381.0,"Jimmy the Tulip's (Bruce Willis) quiet new life is shaken up by his old pal Oz (Matthew Perry), whose wife (Natasha Henstridge) has been kidnapped by a Hungarian mob. The Tulip and his wife Jill (Amanda Peet) spring into action."
7382.0,"A young boy accidentally discovers a deep hole in the ground, where another boy is kept prisoner."
7386.0,"Moses, raised as a prince of Egypt in the Pharaoh's household, learns of his true heritage as a Hebrew and his divine mission as the deliverer of his people from slavery."
7387.0,"Following an ever-growing epidemic of zombies that have risen from the dead, two Philadelphia S.W.A.T. team members, a traffic reporter, and his television executive girlfriend seek refuge in a secluded shopping mall."
7390.0,"Prey For Rock & Roll is the story of Jacki and her all-girl rock and roll band, Clam Dandy, who are trying to make it in the LA club scene of the late 1980s. After ten years of being ignored by record producers, Jacki and the band find hope in one producer who promises to see them play and consider them for a contract. Jacki resolves to play this one last gig and then throw in the towel if she does not find success. Personal tragedies, however, threaten to rip the band apart, rocking the foundation of friendship and trust the women have built together. Ultimately, the band must find its strength in the music that is their passion and the thread that holds them together, inspiring them to prevail.::Cheri Lovedog"
7394.0,"Hoping to push Britain to the forefront of aviation, a London publisher organizes an international air race across the English Channel, but must contend with two entrants vying for his daughter, as well as national rivalries and cheating."
7395.0,"Myrna Loy plays the wife of the persnickety father of her 12 children, Clifton Webb, who has uniquely humorous methods for dealing with the ordeals such an unwieldy family undoubtedly encounters."
7396.0,Ten years within the marriage of Marianne and Johan.
7411.0,"Simon Watterman, a space archaeologist, discovers the ""Munchies"" in a cave in Peru. Cecil Watterman, Simon's evil twin brother and snack food entrepreneur, kidnaps the creature. What Cecil does not know is that the creature, when chopped up, regenerates into many new creatures -- and are they mean!::Concorde - New Horizons (with permission)."
7414.0,Three friends living on the dole decide to rob a bank.
7419.0,An ordinary word processor has the worst night of his life after he agrees to visit a girl in Soho who he met that evening at a coffee shop.
7438.0,"The Bride continues her quest of vengeance against her former boss and lover Bill, the reclusive bouncer Budd, and the treacherous, one-eyed Elle."
7439.0,An undercover FBI agent becomes a vigilante and sets out to unleash his wrath upon the corrupt businessman who slaughtered his entire family at a reunion.
7440.0,"As a part of their study of the Holocaust, the children of the Whitwell, TN Middle School try to collect 6 million paper clips representing the 6 million Jews killed by the Nazis, and grows to include millions of others killed."
7443.0,"Director Michael Almereyda's documentary on the weeks just prior to Sam Shepard's stage production of his play ""The Late Henry Moss."""
7444.0,"A girl makes a wish on her thirteenth birthday, and wakes up the next day as a thirty-year-old woman."
7445.0,"In Mexico City, a former CIA operative swears vengeance on those who committed an unspeakable act against the family he was hired to protect."
7448.0,A man becomes increasingly jealous of his friend's newfound success.
7449.0,"A couple agree to have their deceased son cloned, under the supervision of an enigmatic doctor, but bizarre things start to happen several years after his rebirth."
7450.0,"Amidst a sea of litigation, two New York City divorce lawyers find love."
7451.0,"Cady Heron is a hit with The Plastics, the A-list girl clique at her new school, until she makes the mistake of falling for Aaron Samuels, the ex-boyfriend of alpha Plastic Regina George."
7454.0,"The famed monster hunter is sent to Transylvania to stop Count Dracula, who is using Dr. Frankenstein's research and a werewolf for nefarious purposes."
7455.0,"The film follows the story of Duncan, a fourteen-year-old misfit farm boy trying to fill the void and alleviate the numbness left by his mother's passing. Unable to let her go quite yet, Duncan mimics his dead mother. He talks in her voice at the dinner table and wears her fur coat to bed. Edgar, Duncan's distant sixty-year-old father, doesn't understand the strange manifestations of his son's mourning. Why can't Duncan grieve like a normal person? Macho mate Perry Foley, who has it physically even harder on his dad's farm, usually comforts Duncan and defends his 'wimpiness' to their cocky ruffian mates Travis, Scotty and Brent. But although clearly attracted to gentle Duncan himself, the socially unacceptable suggestion of 'sissy' homosexuality makes Perry over-react and turn on his friend.::KGF Vissers"
7457.0,"Inspired by his fiancée (who dumped him), a man publishes a break-up hand-book for men, becoming a best-selling author in the process."
7458.0,"An adaptation of Homer's great epic, the film follows the assault on Troy by the united Greek forces and chronicles the fates of the men involved."
7459.0,"Brazilian MD Drauzio Varella starts AIDS prevention in Brazil's largest prison, Carandiru in São Paulo, where the population is nearly double its 4,000 maximum. Doc learns from experience and the tragic stories of hideous crimes which landed scum there and passionate dramas adding otherwise decent people. Just when he believes to leave the prisoners happy with a soccer tournament, a silly clothing-line argument kick-starts a politically opportune revolt repression.::KGF Vissers"
7460.0,A series of vignettes that all have coffee and cigarettes in common.
7477.0,A lead detective being stalked by a serial killer is asked to check into a clinic treating law enforcement officials who can't face their jobs.
7479.0,"A German-born engineer, his American wife and their children travel from Mexico to the United States to visit her family but their plans are complicated by a Romanian count."
7481.0,"During a long space war, the lives of two wounded enemies become dependent on their ability to forgive and to trust."
7482.0,A secret agent comes to an opium lord's island fortress with other fighters for a martial-arts tournament.
7486.0,A couple take a trip to Argentina but both men find their lives drifting apart in opposite directions.
7487.0,"Anaïs Nin meets the American writer, Henry Miller, in Paris in 1931. She keeps a diary of her sexual awakening which includes Henry and his wife, June."
7492.0,"A young man, who believes himself to be a vampire, goes to live with his elderly and hostile cousin in a small Pennsylvania town where he tries to redeem his blood-craving urges."
7493.0,A doctor treats a woman suffering from Multiple Personality Disorder.
7541.0,"Matt spends the night with a girl in an elevator during power outage in a girls' college dorm. He never sees her. Waking up in the morning, panties are all that's left of her. How does he find her in a building with 100 girls?"
7560.0,A technical malfunction sends American planes to Moscow to deliver a nuclear attack. Can all-out war be averted?
7561.0,"A young girl lost in the loneliness and boredom of reality finds solace in an ill boy, whom she can visit in a surreal dream world that she drew in her school composition book."
7562.0,"Dobermann is the world's most ruthless bank robber and with his gang rob bank after bank, now in Paris. What can the police do but to let the mad, morally bankrupt police commissioner loose on him?"
7564.0,A collection of four Japanese folk tales with supernatural themes.
7566.0,Director Michael Apted interviews the same group of British-born adults after a 7 year wait as to the changes that have occurred in their lives during the last seven years.
7569.0,"James Bond and the Japanese Secret Service must find and stop the true culprit of a series of space hijackings, before war is provoked between Russia and the United States."
7570.0,"A fake Fabergé egg, and a fellow Agent's death, lead James Bond to uncover an international jewel-smuggling operation, headed by the mysterious Octopussy, being used to disguise a nuclear attack on N.A.T.O. forces."
7572.0,A renowned professor is forced to reassess her life when she is diagnosed with terminal ovarian cancer.
7573.0,"A S.P.E.C.T.R.E. Agent has stolen two American nuclear warheads, and James Bond must find their targets before they are detonated."
7579.0,"The arrival of wealthy bachelors in town causes an uproar when families with single daughters aggressively seek engagements, including the Bennet family, with five eligible daughters."
7581.0,"An uncompromising, visionary architect struggles to maintain his integrity and individualism despite personal, professional and economic pressures to conform to popular standards."
7584.0,"Rival reporters Sam and Tess fall in love and get married, only to find their relationship strained when Sam comes to resent Tess' hectic lifestyle."
7587.0,After professional hitman Jef Costello is seen by witnesses his efforts to provide himself an alibi drive him further into a corner.
7614.0,"In Oklahoma, several farmers, cowboys and a traveling salesman compete for the romantic favors of various local ladies."
7615.0,"While waiting for her divorce papers, a repressed professor of literature is unexpectedly seduced by a carefree, spirited young lesbian."
7616.0,A young actor's obsession with spying on a beautiful woman who lives nearby leads to a baffling series of events with drastic consequences.
7618.0,"An elderly Charlie Chaplin discusses his autobiography with his editor, recounting his amazing journey from his poverty-stricken childhood to world-wide success after the ingenious invention of the Little Tramp."
7619.0,The story of Anne Sullivan's struggle to teach the blind and deaf Helen Keller how to communicate.
7620.0,"This is the story of Spalding Gray and his attempt to write a novel. It is a first person account about writing and living, and dealing with success while trying to be successful.::Robbie Smith <robsmith@u.washington.edu>"
7624.0,"Set in the 1950s, a star-quarterback is given an opportunity to attend an elite preparatory school but must conceal the fact that he is Jewish."
7636.0,"The oncologist wife of a prominent child psychologist suspects her husband has an unhealthy scientific obsession with their child, unaware of what - or who - is really going on inside his head."
7646.0,A group of people with psychic powers are invited to spend the night in a haunted house.
7647.0,"A travelling theater group find so much action going on behind-the-scenes, they almost ruin the performances."
7649.0,"Emperor Londo Mollari of the Centauri Republic tells the story of the Earth-Minbari War that almost destroyed humanity and later inspired its last best, hope for peace."
7650.0,A young soldier seeks to put an end to the evils caused by a vicious witch-hunter when the latter terrorizes his fiancée and kills her uncle.
7657.0,There are 666 portals that connect this world to the other side. These are concealed from all human beings. Somewhere in Japan exists the 444th portal.... The forest of resurrection.
7669.0,"While the arrival of wealthy gentlemen sends her marriage-minded mother into a frenzy, willful and opinionated Elizabeth Bennet matches wits with haughty Mr. Darcy."
7698.0,A reporter finds what appears to be a cover-up of safety hazards at a nuclear power plant.
7700.0,"In a decrepit South American village, four men are hired to transport an urgent nitroglycerine shipment without the equipment that would make it safe."
7701.0,"This time, a new baby is on the way, and it's a girl. Wrapped together with the standard conflict between mother and father, Mikey engages in a bit of sibling rivalry with his new sister."
7702.0,"At a big city Catholic school, Father O'Malley and Sister Benedict indulge in friendly rivalry, and succeed in extending the school through the gift of a building."
7704.0,"After a plane is hijacked by terrorists, The Delta Force is sent in to resolve the crisis."
7705.0,Pat is a women's sports sensation unless her fiancé is around. Her new shady manager Mike keeps them apart and develops feelings for her.
7706.0,Mayhem and zaniness ensue when a valuable painting goes missing during a party in honor of famed African explorer Captain Spaulding.
7707.0,"TV viewers love seeing the two reporters with opposing views on the show ""He Said, She Said"". Womanizer Dan and Lorie fall for each other. Love?"
7708.0,"A hapless loser sells his soul to the Devil in exchange for seven wishes, but has trouble winning over the girl of his dreams."
7713.0,An American man marries a Serbian immigrant who fears that she will turn into the cat person of her homeland's fables if they are intimate together.
7714.0,"The story of the marriage of England's King Arthur to Guinevere. The plot of illegitimate Mordred to gain the throne and Guinevere's growing attachment to Sir Lancelot, threaten to topple Arthur and destroy his ""round table"" of knights."
7716.0,A writer for a greeting card company discovers the struggles and tribulations of living alone after breaking up with his unfaithful girlfriend.
7720.0,The Four Musketeers defend the queen and her dressmaker from Cardinal Richelieu and Milady de Winter.
7727.0,A woman (Goldie Hawn) saves life of Emir of Ohtar (Richard Romanus) in Washington.
7728.0,"A married woman and a drifter fall in love, then plot to murder her husband."
7730.0,A small-time film promoter releases a kitschy horror film during the Cuban Missile Crisis.
7742.0,"A white Bull Terrier named Baxter is given to an elderly woman by her daughter. As time passes, the dog develops aggressive and murderous behavior in order to be adopted by another family."
7743.0,"A boy obsessed with '50s sci-fi movies about aliens has a recurring dream about a blueprint of some kind, which he draws for his inventor friend. With the help of a third kid, they follow it and build themselves a spaceship. Now what?"
7745.0,"A Vietnamese servant girl, Mui, observes lives within two different Saigon families: the first, a woman textile seller with three boys and a frequently absent husband; the second, a handsome young pianist with his fiancée."
7748.0,"Pierrot escapes his boring society and travels from Paris to the Mediterranean Sea with Marianne, a girl chased by hit-men from Algeria. They lead an unorthodox life, always on the run."
7749.0,A surreal tale of a married couple going on a road trip to visit the wife's parents with the intention of killing them for the inheritance.
7753.0,"A journalist finds himself questioning his own life when his best friend, a dying man, offers him some very powerful wisdom and advice for coping in relationships, careers and society."
7756.0,The story of how a great Russian prince led a ragtag army to battle an invading force of Teutonic Knights.
7757.0,The legendary Greek hero leads a team of intrepid adventurers in a perilous quest for the legendary Golden Fleece.
7762.0,"In the bleak days of the Cold War, espionage veteran George Smiley is forced out of semi-retirement to uncover a Soviet Agent within MI6's echelons."
7766.0,"A war-hardened general, egged on by his ambitious wife, works to fulfill a prophecy that he would become lord of Spider's Web Castle."
7767.0,"An Italian epic that follows the lives of two brothers, from the 1960s to the 2000s."
7772.0,Middle-aged bride Ann Hamilton soon begins to suspect that her charming husband is really a psychotic who plans to murder her.
7773.0,"Trevor is a troubled high school student, thanks to the effects of bullying. This is the story of his fight to break free."
7781.0,"Delusional and spoiled Maureen and her eccentric brother Howdy decide to track down and meet their estranged mother, all while the drama of dysfunctional relationships, disastrous weather conditions and a dark family secret ensue."
7782.0,A US Marine sniper is partnered with a SWAT member to take out rebel leaders in the jungles of Panama.
7786.0,"San Francisco bluesman and composer, Paul Peña makes a musical pilgrimage to the land of Tuva."
7789.0,The effects of the 9/11 terrorist attacks are told from different points of view around the world.
7792.0,An ambitious reporter gets in way-over-his-head trouble while investigating a senator's assassination which leads to a vast conspiracy involving a multinational corporation behind every event in the world's headlines.
7802.0,"In the near future, a charismatic leader summons the street gangs of New York City in a bid to take it over. When he is killed, The Warriors are falsely blamed and now must fight their way home while every other gang is hunting them down."
7810.0,"The Drakh, allies of the Shadows, seek revenge against humanity after the Second Shadow War."
7811.0,A group of Soul Hunters come to Babylon 5 demanding the return of something that was stolen from them.
7812.0,The crew of Babylon 5 discover an ancient artifact floating in hyperspace.
7815.0,"A small but growing Texas town, filled with strange and musical characters, celebrates its sesquicentennial and converge on a local parade and talent show."
7820.0,"In 14th-century Sweden, an innocent yet pampered teenage girl and her family's pregnant and jealous servant set out from their farm to deliver candles to church, but only one returns from events that transpire in the woods along the way."
7822.0,"On a Kenyan safari, white hunter Victor Marswell has a love triangle with seductive American socialite Eloise Kelly and anthropologist Donald Nordley's cheating wife Linda."
7826.0,A clumsy daydreamer gets caught up in a sinister conspiracy.
7831.0,An explosives manufacturer suspects a young man is out to kill him. He calls in new parents Nick and Nora to sort things out.
7832.0,Nick and Nora Charles visit Nicks parents in Nick's hometown of Sycamore Springs. The town is a very peaceful and law-abiding one but Nick soon has a murder case on his hands.
7833.0,A jockey has been shot dead at the race track. Famous detective Nick Charles and his wife Nora happen to be on the scene and Lt. Abrahams asks for Nick's expert help.
7834.0,"Private detective Nick Charles and his wealthy wife Nora are back home at last and hoping for a quiet New Year when Nora's brother-in-law is murdered. The obvious suspect is his wife, Nora's sister, Selma."
7835.0,Nick and Nora Charles are on a gambling boat when someone is murdered. The two main suspects are at large and come to Nick for help. Nick turns them into the police but then sets out to figure out the mystery.
7839.0,"A wife suspecting infidelity starts divorce proceedings, so the husband pretends to be insane in order to delay the divorce and clear up the misunderstanding."
7840.0,"In 19th century India, three British soldiers and a native waterbearer must stop a secret mass revival of the murderous Thuggee cult before it can rampage across the land."
7841.0,"The twins of Paul ""Muad'dib"" Atreides become embroiled in the political landscape of Arrakis (""Dune"") and the rest of the universe."
7842.0,"A three-part miniseries on politics, betrayal, lust, greed and the coming of a Messiah. Based on Frank Herbert's classic science fiction novel."
7843.0,"Stefan and Kai have good going business, self-grown cannabis screened as pizza delivering service. For now they only have to deal with aphids."
7844.0,"This Hong Kong martial-arts extravaganza tells of evil emperors and true love. The secret Red Lotus Flower Society is committed to the overthrow of the evil Manchu Emperor and his minions. One of his Governors is sent on a mission to retrieve a list of members of that secret society. Meanwhile, Canton kung fu practitioner Fong Sai-Yuk falls in love with the beautiful daughter of a rich merchant, recently moved to Canton. Her father, in an attempt to gain influence in the region and thus improve his business, offers his daughter in marriage to the winner of a kung-fu contest. Some interesting gender role-reversals take place during a 'comedy of errors.'::Tad Dibbern <DIBBERN_D@a1.mscf.upenn.edu>"
7845.0,"Earl Bassett, now a washed-up ex-celebrity, is hired by a Mexican oil company to eradicate a Graboid epidemic that's killing more people each day. However, the humans aren't the only one with a new battle plan."
7846.0,"The now famous Burt Gummer returns to his hometown of Perfection, Nevada for the first time in years, but the deadliest Graboid evolution yet forces him to save the town he swore to protect."
7879.0,"A film of Margaret Cho's one-woman stand-up show, in which she presents her take on modern sexual topics and minority issues."
7882.0,"Young workers are dying because of a mysterious epidemic in a little village in Cornwall. Doctor Thompson is helpless and asks professor James Forbes for help. The professor and his daughter Sylvia travel to Thomson. Terrible things happen soon, beyond imagination or reality. Dead people are seen near an old, unused mine. Late people seem to live suddenly. Professor Forbes presumes that black magic is involved and someone has extraordinary power. He doesn't know how close he is: the dead become alive because of a magic voodoo-ritual, and so they must serve their master as mindless zombies...::Matthias Luehr <mluehr@htwm.de>"
7883.0,"A nurse is hired to care for the wife of a sugar plantation owner, who has been acting strangely, on a Caribbean island."
7884.0,A small-town barber goes on a road trip from Thunder Bay to New Orleans with an unpredictable woman and a coffin.
7888.0,"Armed with the titular manual, an ambitious window washer seeks to climb the corporate ladder."
7889.0,Pat Garrett is hired as a lawman on behalf of a group of wealthy New Mexico cattle barons to bring down his old friend Billy the Kid.
7891.0,"When a disease turns all of humanity into the living dead, the last man on earth becomes a reluctant vampire hunter."
7894.0,A low-life bandit and an I.R.A. explosives expert rebel against the government and become heroes of the Mexican Revolution.
7895.0,An American barroom pianist and his prostitute girlfriend go on a trip through the Mexican underworld to collect the bounty on the head of a dead gigolo.
7896.0,An ex-union soldier is hired to transport gold from a mining community through dangerous territory. But what he doesn't realize is that his partner and old friend is plotting to double-cross him.
7899.0,"After his students are killed by the One Armed Boxer, a vengeful and blind Kung Fu expert travels to a village where a martial arts contest is being held and vows to behead every one armed man he comes across."
7900.0,"Baron Frankenstein, with the aid of a young doctor and his fiancée, kidnaps the mentally sick Dr. Brandt in order to perform the first brain transplant operation."
7916.0,A young girl discovers surfing and love (in that order) during one transitive summer.
7920.0,"A neurotic society woman murders her husband with her maid's help; on the lam, they escape to Mortville, a homeless community ruled by a fascist queen."
7924.0,"During a sweltering summer, a rookie homicide detective tries to track down his stolen Colt pistol."
7925.0,"Lured by gold, two greedy peasants unknowingly escort a princess and her general across enemy lines."
7926.0,An executive of a Yokohama shoe company becomes a victim of extortion when his chauffeur's son is kidnapped by mistake and held for ransom.
7930.0,"Two adults and a juvenile break into a house occupied by a brother and sister and their stolen children. There, they must fight for their lives."
7932.0,A cinematic portrait of the homeless population who live permanently in the underground tunnels of New York City.
7934.0,"""Documentary"" about a man who can look and act like whoever he's around, and meets various famous people."
7936.0,"In the midst of a civil war, former violinists Jan and Eva Rosenberg, who have a tempestuous marriage, run a farm on a rural island. In spite of their best efforts to escape their homeland, the war impinges on every aspect of their lives."
7937.0,"Two estranged sisters, Ester and Anna, and Anna's 10-year-old son travel to the Central European country on the verge of war. Ester becomes seriously ill and the three of them move into a hotel in a small town called Timoka."
7938.0,A small-town priest struggles with his faith.
7939.0,"Recently released from a mental hospital, Karin rejoins her emotionally disconnected family in their island home, only to slip from reality as she begins to believe she is being visited by God."
7940.0,"A traveling magician and his assistants are persecuted by authorities in Sweden of the 19th century. Their captures, however, didn't bring victory to those in power."
7943.0,"Hit men kill an unresisting victim, and investigator Reardon uncovers his past involvement with beautiful, deadly Kitty Collins."
7944.0,A defrocked Episcopal clergyman leads a bus-load of middle-aged Baptist women on a tour of the Mexican coast and comes to terms with the failure haunting his life.
7951.0,"A troubled young man is drawn to a mythical place called Midian where a variety of friendly monsters are hiding from humanity. Meanwhile, a sadistic serial killer is looking for a patsy."
7976.0,Ken Park is about several Californian skateboarders' lives and relationships with and without their parents.
7979.0,A film about the greatest pre-Woodstock rock music festival.
7980.0,"Operation Market Garden, September 1944: The Allies attempt to capture several strategically important bridges in the Netherlands in the hope of breaking the German lines."
7981.0,"A story between a mole in the police department and an undercover cop. Their objectives are the same: to find out who is the mole, and who is the cop."
7982.0,A family is haunted by the tragedies of deaths within the family.
7983.0,"In his attempts to reconcile a lounge singer with his mistress, a hapless talent agent is mistaken as her lover by a jealous gangster."
7984.0,"A group of scientists have developed the Resonator, a machine which allows whoever is within range to see beyond normal perceptible reality. But when the experiment succeeds, they are immediately attacked by terrible life forms."
7986.0,"In the distant future, mankind has forsaken global wars for battles of single combat. The world has been divided into two opposing super powers, with each side represented by trained champions."
7987.0,"A dysfunctional family of three stop by a mansion during a storm -- father, stepmother, and child. The child discovers that the elderly owners are magical toy makers and have a haunted collection of dolls."
7988.0,"A space trucker and his cute fiancee are on their way from a space station to Earth with an unknown cargo. When space pirates hijack them, 5000 disintegrator robots are found in the cargo."
7991.0,"In a dystopian future, a cross country automobile race requires contestants to run down innocent pedestrians to gain points that are tallied based on each kill's brutality."
7993.0,A dim-witted busboy finds acclaim as an artist for a plaster-covered dead cat that is mistaken as a skillful statuette. The desire for more praise soon leads to an increasingly deadly series of works.
8008.0,"Two Americans on a hunting trip in Scotland become lost. They encounter a small village, not on the map, called Brigadoon, in which people harbor a mysterious secret, and behave as if they were still living two hundred years in the past."
8010.0,"An English boy, living in Africa during World War II, through his boxing prowess, becomes a symbol of hope, in a time of war."
8011.0,"The remarkable story of The Weather Underground, radical activists of the 1970s, and of radical politics at its best and most disastrous."
8012.0,"A young, naive boy sets out alone on the road to find his wayward mother. Soon he finds an unlikely protector in a crotchety man and the two have a series of unexpected adventures along the way."
8014.0,A boy is raised by a Buddhist monk in an isolated floating temple where the years pass like the seasons.
8015.0,"Milo is a boy who is bored with life. One day he comes home to find a toll booth in his room. Having nothing better to do, he gets in his toy car and drives through - only to emerge in a world full of adventure."
8016.0,A recently-released ex-con and his loyal wife go on the run after a heist goes awry.
8019.0,A mother and her 6 year old daughter move into a creepy apartment whose every surface is permeated by water.
8024.0,A group of newcomers to the country music business seek love and stardom.
8025.0,A woman meets a man who isn't the right man for her - but she hasn't realised it yet...
8033.0,The daughter of an art forger teams up with a burglar to steal one of her father's forgeries and protect his secret.
8035.0,A young policewoman slowly goes insane while tracking down an elusive serial rapist/killer through Italy when she herself becomes a victim of the brutal man's obsession.
8042.0,A small-time hood tries to keep the peace between his friend Johnny and Johnny's creditors.
8043.0,"Danny DeVito is John Leary, a professional clown, whose wife's death in a car accident has left him to care for his two young boys."
8044.0,"Wrongly convicted James Allen serves in the intolerable conditions of a southern chain gang, which later comes back to haunt him."
8045.0,A very realistic interpretation of one of the bloodiest battles of the Vietnam War.
8057.0,"A drifter and a faded film star, both traumatized by Hollywood, arrive to the guy's hometown, where the old bitter memories revive again."
8092.0,"The ultimate weapon, which was meant to be safe for humankind, produces global side-effects, including time slides and disappearances. The scientist behind the project and his car are transported from the year 2031 to 1817's Switzerland, where he finds Dr. Victor Frankenstein and his contemporaries.::Kimmo Ketolainen <kk@iki.fi>"
8093.0,"South Korean agents Ryu and Lee are tracking a female assassin from North Korea who has mysteriously disappeared. With new killings and the theft of a deadly bomb, time is running out to catch her."
8094.0,"A one-armed stranger comes to a tiny town possessing a terrible past they want to keep secret, by violent means if necessary."
8117.0,"Two brothers, one cold and ruthless, the other sensitive and reluctant, and their brutal misadventures."
8118.0,"When DEA agents are taken captive by a ruthless South American kingpin, the Delta Force is reunited to rescue them in this sequel to the 1986 film."
8119.0,"A wanna be blues guitar virtuoso seeks a long lost song by legendary musician, Robert Johnson."
8121.0,"A much-needed boost, in the form of a new factory, is promised to the residents of the tiny fishing village St. Marie-La-Mauderne, provided they can lure a doctor to take up full-time residency on the island. Inspired, the villagers devise a scheme to make Dr. Christopher Lewis a local."
8125.0,"A sophisticated urban woman seduces a farmer in the hopes that he will murder his neglected wife and join her in the city, but he soon finds himself rekindling his romance with the latter when she discovers their scheme."
8126.0,"Bent on winning a Pulitzer Prize, a journalist commits himself to a mental institution to solve a strange and unclear murder."
8128.0,"A French boarding school run by priests seems to be a haven from World War II until a new student arrives. He becomes the roommate of the top student in his class. Rivals at first, the roommates form a bond and share a secret."
8131.0,"An advertising executive fails to realize that the woman of his dreams is his best friend since first grade, now married to his cheating co-worker."
8132.0,"Tommy Riley has moved with his dad to Chicago from a 'nice place'. He keeps to himself, goes to school. However, after a street fight he is noticed and quickly falls into the world of illegal underground boxing - where punches can kill."
8136.0,"Charles ""The Butcher"" Benton, a brutal death row inmate gets double-crossed by his crooked lawyer. He gets his chance for revenge when, after he's been executed, a bizarre experiment brings him back to life and more deadly than ever."
8137.0,"The head of a major cosmetics company experiments on herself with a youth formula made from royal jelly extracted from wasps, but the formula's side effects have deadly consequences."
8138.0,"A backwoods game warden and a local doctor discover that giant leeches are responsible for disappearances and deaths in a local swamp, but the local police don't believe them."
8142.0,A yakuza of Chinese descent and a Japanese cop each wage their own war against the Japanese mafia. But they are destined to meet. Their encounter will change the world.
8143.0,"When she is reduced to appearing in a circus, a notorious beauty thinks back on her past loves."
8147.0,An intellectually disabled man undergoes an experiment that gives him the intelligence of a genius.
8153.0,The life of brilliant but tortured artist Vincent van Gogh.
8154.0,A series of stories following a week in the life of a philandering tabloid journalist living in Rome.
8157.0,A traumatized member of an elite para-military police force falls for the sister of a female terrorist courier who died in front of him on duty.
8158.0,"Two small-town Texas cops go undercover to catch a major drug dealer and are sucked into the drug culture, compromising their assignment."
8167.0,"After treating a Monmouth rebel against King James II in 1680s England, a young Irish doctor is exiled as a slave to Jamaica where he captures a Spanish galleon and becomes the most feared pirate of the Caribbean."
8169.0,Aliens help a feisty old New York couple in their battle against the ruthless land developer who's out to evict them.
8183.0,An alcoholic professor has been hired by a working-class girl for higher education.
8188.0,"In medieval Japan, a compassionate governor is sent into exile. His wife and children try to join him, but are separated, and the children grow up amid suffering and oppression."
8189.0,"With her mother away for the weekend, a brash and precocious ten-year-old country-girl sets out to explore Paris during a Métro strike, under her uncle's not-so-watchful eye. Can a little girl cause so much chaos in the heart of the city?"
8190.0,An American Naval Officer's talent for living the good life in wartime is challenged when he falls in love and is sent on a dangerous mission.
8191.0,"King Henry VIII of England discards one wife, Catharine of Aragon, who has failed to produce a male heir, in favor of the young and beautiful Anne Boleyn."
8195.0,"A woman disappears during a Mediterranean boating trip. During the search, her lover and her best friend become attracted to each other."
8196.0,"Three girls come to Hollywood to make it big, but find only sex, drugs and sleaze."
8197.0,A French actress filming an anti-war film in Hiroshima has an affair with a married Japanese architect as they share their differing perspectives on war.
8199.0,"A tale of ambition, family, love, and war set in the midst of the Japanese Civil Wars of the sixteenth century."
8207.0,"In the aftermath of France allowing Algeria's independence, a group of resentful military veterans hire a professional assassin codenamed ""Jackal"" to kill President Charles de Gaulle."
8225.0,"When the unburied dead return to life and seek human victims, seven refugees seek shelter in a house in the Pennsylvanian countryside, but the group is at odds as to how they should deal with the situation."
8228.0,"A lovely dame with dangerous lies employs the services of a private detective, who is quickly caught up in the mystery and intrigue of a statuette known as the Maltese Falcon."
8232.0,Boring businessman Larry Wilson recovers from amnesia and discovers he's really a con man...and loves his soon-to-be-ex wife.
8235.0,A boy leaves his small country town and heads to the big city to get a job. As soon as he makes it big his sweetheart will join him and marry him. His enthusiasm to get ahead leads to some interesting adventures.
8236.0,A serial killer has been killing beautiful women in New York and the new owner of a media company offers a high ranking job to the first of his senior executives who can get the earliest scoops on the case.
8238.0,"Pitch black comedy about a young nihilistic New Yorker coping with pervasive urban violence, obscene phone calls, rusty water pipes, electrical blackouts, paranoia and ethnic-racial conflict during a typical summer of the 1970s."
8239.0,"Viridiana, a young nun about to take her final vows, pays a visit to her widowed uncle at the request of her Mother Superior."
8241.0,"Trapped in a school in which a gang of criminals has siezed control, a young troublemaker fights a cat and mouse battle from inside."
8253.0,"A dashing thief, his gang of desperadoes and an intrepid policeman struggle to free a princess from an evil count's clutches, and learn the hidden secret to a fabulous treasure that she holds part of a key to."
8254.0,A young New Yorker goes to Arizona where he finds freedom to both love and dream.
8261.0,"Two roommates/physical therapists, one a vain woman and the other a mysterious teenager, share a bizarre relationship."
8264.0,"Meet a mother and daughter, high-society dropouts, reclusive cousins of Jackie O., managing to thrive together amid the decay and disorder of their East Hampton, NY, mansion, making for an eerily ramshackle echo of the American Camelot."
8266.0,"A young musician, tormented by an abusive situation at home, must contend with a rival singer, a burgeoning romance, and his own dissatisfied band, as his star begins to rise."
8268.0,A government fakes the death of a criminal to turn this young woman into a killer on its service.
8270.0,"Antoine has always been fascinated with a hairdresser's delicate touch, the beguiling perfume and the figure of a woman with an opulent bosom, moreover, he knew that he would marry one, fulfilling his dream of a perfect and idealised love."
8275.0,"To reconcile with his girlfriend, a bookish college student tries to become an athlete."
8290.0,"A tough, slobby, honest cop tries to simultaneously take down heroin dealers and a corrupt businessman who murdered a burglar, even if it costs him his life."
8293.0,"At her husband's funeral, Pearl (Shirley MacLaine), Jewish mother of two divorced and antagonistic daughters, meets an old Italian friend (Marcello Mastroianni) of her husband, whose advice years previously had stopped the husband leaving home. For 23 years he, now a widower, has secretly loved Pearl...::<james.foulkes@ci.educ.lu>"
8302.0,A crusading newspaper editor tricks his retiring star reporter into covering one last case.
8327.0,Three stories of never-ending love.
8331.0,An acerbic critic wreaks havoc when a hip injury forces him to move in with a Midwestern family.
8335.0,An elderly couple are forced to live hundreds of miles apart when they lose their house and none of their five children will take both parents in.
8336.0,"A frustrated city girl disguises herself as a youngster in order to get a cheaper train ticket home. But little ""Sue Sue"" finds herself in a whole heap of grown-up trouble when she hides out in a compartment with a handsome Major."
8337.0,"When a U.S. Naval captain shows signs of mental instability that jeopardizes the ship, the first officer relieves him of command and faces court martial for mutiny."
8338.0,"A group of nuns struggle to establish a convent in the Himalayas, while isolation, extreme weather, altitude, and culture clashes all conspire to drive the well-intentioned missionaries mad."
